        ,WALNUT    ,EXPENSE                                             ,REPORT    ,                     ,       ,             ,                            ,
FROM    ,01-02-2016,TO                                                  ,31-07-2017

DATE    ,TIME      ,PLACE                                               ,AMOUNT    ,ACCOUNT              ,EXPENSE,CATEGORY     ,TAGS                        ,NOTE
12-02-16,12:00 PM  ,AIRTEL POSTPAID                                     ,466       ,CASH Spends          ,Yes    ,BILLS        ,#airtel                     ,
20-02-16,12:00 PM  ,DEADPOOL                                            ,125       ,CASH Spends          ,Yes    ,ENTERTAINMENT,"#Friends, #Office"         ,
20-02-16,12:00 PM  ,BURGER KING ECONO MEAL                              ,83        ,CASH Spends          ,Yes    ,FOOD & DRINKS,"#Friends, #Office"         ,
20-02-16,12:00 PM  ,MOTO X PLAY                                         ,"15,999"  ,CASH Spends          ,Yes    ,SHOPPING     ,                            ,
21-02-16,12:00 PM  ,SAMSUNG EVO+ 32 GB SD CARD                          ,706       ,CASH Spends          ,Yes    ,SHOPPING     ,                            ,
23-02-16,12:00 PM  ,THALI                                               ,120       ,CASH Spends          ,Yes    ,FOOD & DRINKS,                            ,
26-02-16,12:00 PM  ,TEMPER GLASS FOR MOTO X PLAY                        ,100       ,CASH Spends          ,Yes    ,SHOPPING     ,                            ,
27-02-16,10:36 PM  ,PARANTHA                                            ,40        ,CASH Spends          ,Yes    ,FOOD & DRINKS,                            ,
27-02-16,10:36 PM  ,OMLETTE                                             ,25        ,CASH Spends          ,Yes    ,FOOD & DRINKS,                            ,
28-02-16,08:13 PM  ,GARNIER HAIR COLOR                                  ,165       ,CASH Spends          ,Yes    ,GROCERIES    ,                            ,
29-02-16,09:53 PM  ,PANEER PARANTHA                                     ,50        ,CASH Spends          ,Yes    ,FOOD & DRINKS,                            ,
01-03-16,08:28 AM  ,ATM                                                 ,"1,500"   ,CitiBank debit 3226  ,Yes    ,             ,                            ,
01-03-16,09:21 AM  ,ABHIJEET RAI                                        ,"1,260"   ,CitiBank  3226       ,Yes    ,SHOPPING     ,                            ,Ref No CITIN16620025024
01-03-16,10:22 PM  ,PARANTHA                                            ,80        ,CASH Spends          ,No     ,FOOD & DRINKS,                            ,
05-03-16,12:00 PM  ,CHAWMIN + OMLETTE                                   ,30        ,CASH Spends          ,No     ,FOOD & DRINKS,                            ,
05-03-16,12:00 PM  ,DEW                                                 ,35        ,CASH Spends          ,No     ,FOOD & DRINKS,                            ,
05-03-16,12:00 PM  ,METRO RECHARGE                                      ,200       ,CASH Spends          ,No     ,TRAVEL       ,                            ,
05-03-16,12:00 PM  ,PARANTHA + CHAI                                     ,45        ,CASH Spends          ,No     ,FOOD & DRINKS,                            ,
05-03-16,08:09 PM  ,ATM                                                 ,"1,000"   ,CitiBank debit 3226  ,Yes    ,             ,                            ,
06-03-16,12:25 AM  ,AVENUES IND PVT LTD                                 ,125       ,CitiBank debit 6302  ,Yes    ,BILLS        ,#Online                     ,
06-03-16,12:27 AM  ,AVENUES IND PVT LTD                                 ,129       ,CitiBank debit 6302  ,Yes    ,BILLS        ,#Online                     ,
15-03-16,12:00 PM  ,MYNTRA SHOPPING                                     ,"2,642"   ,CASH Spends          ,Yes    ,SHOPPING     ,#Online                     ,
18-03-16,12:00 PM  ,TEMPERED GLASS AND BACK COVER                       ,200       ,CASH Spends          ,No     ,SHOPPING     ,                            ,
24-03-16,02:27 AM  ,BATMAN V SUPERMAN                                   ,"1,342.4" ,CitiBank debit 6302  ,Yes    ,ENTERTAINMENT,"#Online, #Friends, #Office",
24-03-16,03:54 AM  ,SMS CHARGE                                          ,5.37      ,SBI  4251            ,No     ,UNKNOWN      ,                            ,
24-03-16,07:08 PM  ,ATM                                                 ,700       ,CitiBank debit 3226  ,Yes    ,             ,                            ,
26-03-16,04:17 PM  ,THE HOST                                            ,"1,323"   ,CitiBank debit 6302  ,Yes    ,FOOD & DRINKS,                            ,Nishant wanted to have lunch at good place :/
27-03-16,08:44 PM  ,FOODPANDA                                           ,192       ,CitiBank debit 6302  ,Yes    ,FOOD & DRINKS,#Online                     ,
27-03-16,10:01 PM  ,LUNCH NOODLES AND OMLETTE                           ,50        ,CASH Spends          ,No     ,FOOD & DRINKS,                            ,
29-03-16,07:37 PM  ,BILLDESK                                            ,"8,076"   ,CitiBank debit 6302  ,Yes    ,BILLS        ,#Online                     ,
02-04-16,06:36 PM  ,PEPPER TAP                                          ,200       ,PAYTM  Unknown       ,No     ,OTHER        ,#Online                     ,Transaction ID: 1846766802
02-04-16,06:38 PM  ,PAYTM MOBILR SOL                                    ,143       ,CitiBank debit 6302  ,Yes    ,BILLS        ,#Online                     ,
03-04-16,11:01 AM  ,IRCTC                                               ,627.9     ,CitiBank debit 6302  ,Yes    ,TRAVEL       ,#Online                     ,
03-04-16,05:37 PM  ,NET BANKING                                         ,"1,500"   ,CitiBank  3226       ,No     ,UNKNOWN      ,                            ,IMPS Ref no 609417111041
03-04-16,05:42 PM  ,PAYTM NO                                            ,170       ,CitiBank debit 6302  ,Yes    ,GROCERIES    ,#Online                     ,
03-04-16,05:47 PM  ,PAYTM                                               ,30        ,PAYTM  Unknown       ,No     ,BILLS        ,#Online                     ,
04-04-16,02:30 AM  ,SMS CHARGE                                          ,9.63      ,SBI  4251            ,No     ,UNKNOWN      ,                            ,
10-04-16,10:12 PM  ,FAREWELL @ HELL 2 HEAVEN                            ,500       ,CASH Spends          ,No     ,ENTERTAINMENT,                            ,
10-04-16,10:13 PM  ,METRO RECHARGE                                      ,200       ,CASH Spends          ,No     ,BILLS        ,                            ,
11-04-16,06:23 PM  ,ATM                                                 ,400       ,CitiBank debit 3226  ,Yes    ,             ,                            ,
12-04-16,07:59 PM  ,MOBIKWIK GU                                         ,550       ,CitiBank debit 6302  ,Yes    ,BILLS        ,#Online                     ,
14-04-16,04:27 PM  ,MOBIKWIK GU                                         ,200       ,CitiBank debit 6302  ,Yes    ,BILLS        ,#Online                     ,
16-04-16,04:08 PM  ,CARL'S JR.                                          ,555       ,CitiBank debit 6302  ,Yes    ,FOOD & DRINKS,                            ,
17-04-16,06:21 PM  ,MOBIKWIK GU                                         ,222       ,CitiBank debit 6302  ,Yes    ,BILLS        ,#Online                     ,
19-04-16,08:07 AM  ,MOBIKWIK NE                                         ,300       ,CitiBank debit 6302  ,Yes    ,BILLS        ,                            ,
22-04-16,07:33 AM  ,NET BANKING                                         ,"5,000"   ,Indian Bnk  1311     ,No     ,OTHER        ,                            ,Ref No. 611307003638
22-04-16,08:08 AM  ,ATM                                                 ,500       ,Indian Bnk debit 8131,Yes    ,             ,                            ,
23-04-16,02:14 PM  ,METRO RECHARGE                                      ,100       ,CASH Spends          ,No     ,BILLS        ,                            ,
23-04-16,02:14 PM  ,MCDONALDS SCHZWAN BURGER                            ,200       ,CASH Spends          ,No     ,FOOD & DRINKS,                            ,
23-04-16,02:15 PM  ,BEER WITH RD                                        ,100       ,CASH Spends          ,No     ,FOOD & DRINKS,                            ,
24-04-16,11:48 AM  ,MYNTRA SHOPING                                      ,335       ,Indian Bnk debit 8131,Yes    ,SHOPPING     ,#Online                     ,Breakbounce tshirt
24-04-16,09:31 PM  ,SUBWAY                                              ,150       ,CASH Spends          ,No     ,FOOD & DRINKS,                            ,
24-04-16,09:32 PM  ,HAIR CUT                                            ,100       ,CASH Spends          ,No     ,HEALTH       ,                            ,
24-04-16,09:38 PM  ,MYNTRA SHOPPING                                     ,895       ,Indian Bnk  1311     ,Yes    ,SHOPPING     ,#Online                     ,
28-04-16,08:00 PM  ,MOBIKWIK NE                                         ,207       ,CitiBank debit 6302  ,Yes    ,BILLS        ,#Online                     ,
30-04-16,08:27 PM  ,ATM                                                 ,"1,200"   ,CitiBank debit 3226  ,Yes    ,             ,                            ,
01-05-16,06:13 PM  ,WWW.MOBIKWIK.COM 01                                 ,521       ,CitiBank debit 6302  ,Yes    ,BILLS        ,#Online                     ,
03-05-16,10:17 PM  ,"TANG, BISCUITS"                                    ,220       ,CASH Spends          ,No     ,FOOD & DRINKS,                            ,
06-05-16,08:11 PM  ,SNACKS                                              ,40        ,CASH Spends          ,No     ,FOOD & DRINKS,                            ,
06-05-16,08:20 PM  ,NET BANKING                                         ,"1,400"   ,CitiBank  3226       ,No     ,TRANSFER     ,                            ,IMPS Ref no 612720178837
07-05-16,03:23 PM  ,LUNCH                                               ,70        ,CASH Spends          ,No     ,FOOD & DRINKS,                            ,
07-05-16,05:27 PM  ,WWW.MOBIKWIK.COM 01                                 ,324       ,CitiBank debit 6302  ,Yes    ,BILLS        ,#Online                     ,
10-05-16,09:26 PM  ,MAKEMYTRIP                                          ,"8,027"   ,CitiBank debit 6302  ,Yes    ,TRAVEL       ,#Online                     ,
10-05-16,10:49 PM  ,MOBIKWIK GU                                         ,100       ,CitiBank debit 6302  ,Yes    ,BILLS        ,#Online                     ,
12-05-16,12:31 AM  ,NET BANKING                                         ,"6,000"   ,CitiBank  3226       ,No     ,TRANSFER     ,                            ,IMPS Ref no 613300324360
14-05-16,11:50 AM  ,MOBIKWIK GU                                         ,328       ,CitiBank debit 6302  ,Yes    ,BILLS        ,#Online                     ,
18-05-16,09:37 PM  ,WWW.MOBIKWIK.COM 01                                 ,300       ,CitiBank debit 6302  ,Yes    ,BILLS        ,#Online                     ,
21-05-16,11:18 PM  ,NET BANKING                                         ,240       ,CitiBank  3226       ,Yes    ,FOOD & DRINKS,                            ,IMPS Ref no 614223523759
25-05-16,08:58 PM  ,OLA                                                 ,137       ,OlaCab Messages      ,No     ,UNKNOWN      ,                            ,
28-05-16,03:52 PM  ,MOBIKWIK GU                                         ,234       ,CitiBank debit 6302  ,Yes    ,BILLS        ,#Online                     ,
29-05-16,12:42 PM  ,PUMA                                                ,174       ,CitiBank debit 6302  ,Yes    ,SHOPPING     ,                            ,
29-05-16,01:09 PM  ,ATM                                                 ,"1,000"   ,CitiBank debit 3226  ,Yes    ,             ,                            ,
29-05-16,02:00 PM  ,ONE97 COMCTN-PAYTM                                  ,450       ,CitiBank debit 6302  ,Yes    ,BILLS        ,#Online                     ,
31-05-16,10:45 PM  ,NET BANKING                                         ,"1,400"   ,CitiBank  3226       ,No     ,UNKNOWN      ,                            ,IMPS Ref no 615222804367
31-05-16,10:51 PM  ,MOBIKWIK GU                                         ,280       ,CitiBank debit 6302  ,Yes    ,BILLS        ,#Online                     ,
02-06-16,10:29 PM  ,OLA                                                 ,337       ,OlaCab Messages      ,Yes    ,TRAVEL       ,#Online                     ,
05-06-16,06:30 PM  ,MOBIKWIK GU                                         ,237       ,CitiBank debit 6302  ,Yes    ,BILLS        ,#Online                     ,
05-06-16,08:24 PM  ,ATM                                                 ,"1,600"   ,CitiBank debit 3226  ,Yes    ,             ,                            ,
08-06-16,09:03 PM  ,MOBIKWIK GU                                         ,500       ,CitiBank debit 6302  ,Yes    ,BILLS        ,#Online                     ,
09-06-16,05:38 PM  ,ATM                                                 ,"2,500"   ,CitiBank debit 3226  ,Yes    ,             ,                            ,
10-06-16,05:07 PM  ,OLA                                                 ,129       ,OlaCab Messages      ,No     ,UNKNOWN      ,                            ,
10-06-16,05:24 PM  ,OLA                                                 ,117       ,OlaCab Messages      ,No     ,UNKNOWN      ,                            ,
10-06-16,06:42 PM  ,OLA                                                 ,427       ,OlaCab Messages      ,No     ,TRAVEL       ,#Online                     ,
11-06-16,08:17 AM  ,PAYU SB                                             ,"1,699.84",CitiBank debit 6302  ,Yes    ,BILLS        ,#Online                     ,
15-06-16,08:21 PM  ,ATM                                                 ,"4,000"   ,CitiBank debit 3226  ,Yes    ,             ,                            ,
19-06-16,07:53 PM  ,ATM                                                 ,"4,000"   ,CitiBank debit 3226  ,Yes    ,             ,                            ,
28-06-16,05:56 PM  ,NET BANKING                                         ,"1,000"   ,CitiBank  3226       ,No     ,UNKNOWN      ,                            ,IMPS Ref no 618017627455
30-06-16,09:54 PM  ,ONE97 COMCTN-PAYTM                                  ,200       ,CitiBank debit 6302  ,Yes    ,BILLS        ,#Online                     ,
02-07-16,09:00 PM  ,ONE97 COMCTN-PAYTM                                  ,432.08    ,CitiBank debit 6302  ,Yes    ,BILLS        ,#Online                     ,
02-07-16,09:00 PM  ,FOOD PANDA                                          ,514.08    ,PAYTM  Unknown       ,No     ,FOOD & DRINKS,                            ,Transaction ID: 2449270590
03-07-16,11:38 AM  ,NET BANKING                                         ,"1,360"   ,CitiBank  3226       ,No     ,UNKNOWN      ,                            ,IMPS Ref no 618511900932
03-07-16,11:41 AM  ,NET BANKING                                         ,"2,365"   ,CitiBank  3226       ,No     ,UNKNOWN      ,                            ,IMPS Ref no 618511901073
03-07-16,12:32 PM  ,ONE97 COMCTN-PAYTM                                  ,300       ,CitiBank debit 6302  ,Yes    ,BILLS        ,#Online                     ,
03-07-16,02:51 PM  ,ATM                                                 ,"2,200"   ,CitiBank debit 3226  ,Yes    ,             ,                            ,
05-07-16,07:23 PM  ,ATM                                                 ,"10,000"  ,CitiBank debit 3226  ,Yes    ,             ,                            ,
05-07-16,07:24 PM  ,ATM                                                 ,"3,000"   ,CitiBank debit 3226  ,Yes    ,             ,                            ,
09-07-16,08:19 PM  ,DRINKING WATER                                      ,80        ,CASH Spends          ,Yes    ,FOOD & DRINKS,                            ,
10-07-16,04:03 PM  ,EBAY                                                ,549       ,CitiBank debit 6302  ,No     ,SHOPPING     ,#Online                     ,Jbl t200a Earphones
10-07-16,11:06 PM  ,BURGERS FOR DINNER                                  ,105       ,CASH Spends          ,Yes    ,FOOD & DRINKS,                            ,
11-07-16,08:32 AM  ,ATM                                                 ,"1,000"   ,CitiBank debit 3226  ,Yes    ,             ,                            ,
13-07-16,09:33 PM  ,DINNER                                              ,315       ,CASH Spends          ,Yes    ,FOOD & DRINKS,                            ,
23-07-16,07:07 AM  ,ATM                                                 ,600       ,CitiBank debit 3226  ,Yes    ,             ,                            ,
23-07-16,12:05 PM  ,MOMS RECHRGE                                        ,200       ,CitiBank debit 6302  ,Yes    ,BILLS        ,#Online                     ,
23-07-16,03:43 PM  ,WATER                                               ,90        ,CASH Spends          ,Yes    ,FOOD & DRINKS,                            ,
26-07-16,06:08 PM  ,PAYTM MOBILE SOLUTIONS NO                           ,300       ,CitiBank debit 6302  ,Yes    ,BILLS        ,#Online                     ,
29-07-16,05:04 PM  ,NET BANKING                                         ,"2,310"   ,CitiBank  3226       ,Yes    ,TRANSFER     ,                            ,IMPS Ref no 621117681969 sav
29-07-16,07:05 PM  ,AMAZON                                              ,509       ,CitiBank debit 6302  ,Yes    ,SHOPPING     ,#Online                     ,Headphones
31-07-16,09:54 AM  ,FLIPKART                                            ,"3,361"   ,SBI debit 1155       ,Yes    ,SHOPPING     ,#Online                     ,FLIPKART10988
31-07-16,03:41 PM  ,ATM                                                 ,"3,500"   ,CitiBank debit 3226  ,Yes    ,             ,                            ,
31-07-16,03:43 PM  ,ATM                                                 ,"6,500"   ,CitiBank debit 3226  ,Yes    ,             ,                            ,
31-07-16,04:19 PM  ,SPAR                                                ,398       ,CitiBank debit 6302  ,Yes    ,SHOPPING     ,                            ,
31-07-16,05:49 PM  ,FLIPKART                                            ,"1,506"   ,SBI debit 1155       ,Yes    ,SHOPPING     ,#Online                     ,SBIDCFLIPKART
31-07-16,10:31 PM  ,PANI                                                ,90        ,CASH Spends          ,Yes    ,FOOD & DRINKS,                            ,
31-07-16,10:37 PM  ,CLEARANCE                                           ,695       ,CASH Spends          ,Yes    ,INVESTMENT   ,                            ,
01-08-16,07:47 PM  ,OMLETTE                                             ,120       ,CASH Spends          ,No     ,FOOD & DRINKS,                            ,
02-08-16,12:00 PM  ,RENT                                                ,"6,500"   ,CASH Spends          ,Yes    ,BILLS        ,                            ,
02-08-16,10:26 PM  ,DINNER                                              ,110       ,CASH Spends          ,No     ,FOOD & DRINKS,                            ,
06-08-16,12:00 PM  ,FOOD ON SATURDAY                                    ,140       ,CASH Spends          ,No     ,FOOD & DRINKS,                            ,
07-08-16,10:34 AM  ,ONE97 COMCTN-PAYTM                                  ,500       ,CitiBank debit 6302  ,Yes    ,BILLS        ,#Online                     ,
07-08-16,03:52 PM  ,AMAZON                                              ,295       ,CitiBank debit 6302  ,Yes    ,SHOPPING     ,#Online                     ,
07-08-16,03:52 PM  ,AMAZON                                              ,295       ,CitiBank debit 6302  ,Yes    ,SHOPPING     ,#Online                     ,
07-08-16,04:06 PM  ,LUNCH                                               ,170       ,CASH Spends          ,No     ,FOOD & DRINKS,                            ,
08-08-16,07:42 PM  ,BANANA SHAKE                                        ,50        ,CASH Spends          ,No     ,FOOD & DRINKS,                            ,
09-08-16,07:04 AM  ,AMAZON                                              ,"1,196"   ,CitiBank debit 6302  ,Yes    ,SHOPPING     ,#Online                     ,Bag American tourister
10-08-16,09:17 PM  ,SD CARD                                             ,290       ,CASH Spends          ,No     ,SHOPPING     ,                            ,
12-08-16,12:00 PM  ,SURF EXCEL                                          ,95        ,CASH Spends          ,Yes    ,GROCERIES    ,                            ,
12-08-16,03:02 PM  ,LUNCH                                               ,80        ,CASH Spends          ,No     ,FOOD & DRINKS,                            ,
12-08-16,09:51 PM  ,ONE97 COMCTN-PAYTM                                  ,400       ,CitiBank debit 6302  ,Yes    ,BILLS        ,#Online                     ,
13-08-16,08:52 AM  ,ATM                                                 ,"1,500"   ,CitiBank debit 3226  ,Yes    ,             ,                            ,
14-08-16,05:34 PM  ,OLA CABS                                            ,150       ,CitiBank debit 6302  ,Yes    ,TRAVEL       ,#Online                     ,
19-08-16,07:16 PM  ,NET BANKING                                         ,200       ,SBI  XXXX            ,Yes    ,TRAVEL       ,                            ,Ref No IG0COBMQT5
21-08-16,12:00 PM  ,AMRITA'S DELHI TO TILAK NAGAR CAB FARE              ,70        ,CASH Spends          ,Yes    ,TRAVEL       ,                            ,
21-08-16,04:56 PM  ,GROCERIES                                           ,525       ,CASH Spends          ,No     ,GROCERIES    ,                            ,
22-08-16,07:11 PM  ,RETURN                                              ,"2,000"   ,CASH Spends          ,Yes    ,TRANSFER     ,                            ,
23-08-16,08:19 PM  ,JOCKEY BOXER AND BRIEFS                             ,610       ,CASH Spends          ,No     ,SHOPPING     ,                            ,
26-08-16,10:04 AM  ,WATER                                               ,90        ,CASH Spends          ,No     ,FOOD & DRINKS,                            ,
28-08-16,07:06 AM  ,ATM                                                 ,"2,500"   ,CitiBank debit 3226  ,Yes    ,             ,                            ,
29-08-16,08:46 PM  ,DINNER                                              ,125       ,CASH Spends          ,No     ,FOOD & DRINKS,                            ,
31-08-16,05:02 AM  ,DETERGENT                                           ,92        ,CASH Spends          ,No     ,GROCERIES    ,                            ,
31-08-16,09:16 PM  ,PUMA                                                ,582       ,CitiBank debit 6302  ,Yes    ,SHOPPING     ,                            ,
31-08-16,10:42 PM  ,CLEARANCE                                           ,"2,354"   ,CASH Spends          ,Yes    ,INVESTMENT   ,                            ,
01-09-16,06:57 AM  ,NET BANKING                                         ,"6,000"   ,CitiBank  3226       ,No     ,TRANSFER     ,                            ,IMPS Ref no 624506850566
01-09-16,08:26 PM  ,ATM                                                 ,"3,500"   ,CitiBank debit 3226  ,Yes    ,             ,                            ,
01-09-16,08:27 PM  ,ATM                                                 ,"3,500"   ,CitiBank debit 3226  ,Yes    ,             ,                            ,
01-09-16,08:44 PM  ,BURGER KING                                         ,"1,007.34",CitiBank debit 6302  ,Yes    ,FOOD & DRINKS,                            ,
02-09-16,07:07 PM  ,ATM                                                 ,"6,000"   ,CitiBank debit 3226  ,Yes    ,             ,                            ,Rent
08-09-16,08:27 PM  ,PAYTM MOBILE SOLUTIONS NO                           ,"1,000"   ,CitiBank debit 6302  ,Yes    ,BILLS        ,#Online                     ,Electricity bill
08-09-16,08:42 PM  ,PAYTM NO                                            ,430       ,CitiBank debit 6302  ,Yes    ,GROCERIES    ,#Online                     ,Postpaid bill
11-09-16,12:12 PM  ,ATM                                                 ,"3,000"   ,CitiBank debit 3226  ,Yes    ,             ,                            ,
17-09-16,07:06 PM  ,WATER                                               ,90        ,CASH Spends          ,No     ,FOOD & DRINKS,                            ,
17-09-16,07:59 PM  ,PAYTM.COM                                           ,400       ,CitiBank credit 3486 ,Yes    ,BILLS        ,#Online                     ,
18-09-16,09:03 PM  ,OVER THE TOP                                        ,"2,152"   ,CitiBank credit 3486 ,No     ,FOOD & DRINKS,                            ,
22-09-16,12:00 PM  ,CHAI BREAD                                          ,40        ,CASH Spends          ,No     ,FOOD & DRINKS,                            ,
25-09-16,10:06 AM  ,APPLE ITUNES                                        ,60        ,CitiBank debit 6302  ,Yes    ,SHOPPING     ,#Online                     ,
25-09-16,12:28 PM  ,FLIPKART                                            ,196       ,CitiBank credit 3486 ,Yes    ,SHOPPING     ,"#Online, #Family"          ,
25-09-16,01:33 PM  ,AMAZON                                              ,620       ,CitiBank credit 3486 ,No     ,SHOPPING     ,"#Online, #Friends"         ,
27-09-16,07:05 AM  ,PAYTM MOBILE SOLUTIO                                ,"2,000"   ,CitiBank credit 3486 ,Yes    ,BILLS        ,#Online                     ,
27-09-16,05:02 PM  ,SAY CHEESE                                          ,260       ,CitiBank credit 3486 ,Yes    ,FOOD & DRINKS,                            ,
28-09-16,10:52 PM  ,ELECTRICITY BILL                                    ,610       ,CASH Spends          ,No     ,BILLS        ,                            ,
29-09-16,07:12 PM  ,KARISHMA'S FAREWELL                                 ,420       ,CASH Spends          ,No     ,FOOD & DRINKS,                            ,
29-09-16,07:31 PM  ,NET BANKING                                         ,"2,800"   ,CitiBank  3226       ,No     ,TRANSFER     ,                            ,IMPS Ref no 627319546097
01-10-16,09:31 AM  ,ATM                                                 ,"7,000"   ,CitiBank debit 3226  ,Yes    ,             ,                            ,
01-10-16,09:50 AM  ,CHOLE BHATURE                                       ,100       ,CASH Spends          ,No     ,FOOD & DRINKS,                            ,
01-10-16,02:26 PM  ,WATER                                               ,90        ,CASH Spends          ,No     ,FOOD & DRINKS,                            ,
02-10-16,07:46 AM  ,FLIPKART                                            ,"3,379"   ,SBI debit 1155       ,Yes    ,SHOPPING     ,#Online                     ,SBIDCFLIPKART
03-10-16,06:09 AM  ,NET BANKING                                         ,"6,000"   ,CitiBank  3226       ,No     ,SHOPPING     ,                            ,IMPS Ref no 627706334135
03-10-16,06:22 AM  ,FLIPKART                                            ,"4,545"   ,SBI debit 1155       ,Yes    ,SHOPPING     ,#Online                     ,FLIPKART
03-10-16,12:00 PM  ,RENT                                                ,"6,000"   ,CASH Spends          ,No     ,BILLS        ,                            ,
03-10-16,12:00 PM  ,RENT                                                ,"6,000"   ,CASH Spends          ,No     ,BILLS        ,                            ,
05-10-16,06:44 AM  ,SNAPDEAL                                            ,"1,181"   ,CitiBank debit 6302  ,Yes    ,SHOPPING     ,#Online                     ,
05-10-16,12:00 PM  ,WATER                                               ,90        ,CASH Spends          ,No     ,FOOD & DRINKS,                            ,
06-10-16,10:59 PM  ,ONE97 COMMU-PAYTM                                   ,"2,648"   ,CitiBank debit 6302  ,Yes    ,BILLS        ,#Online                     ,
08-10-16,11:35 AM  ,ATM                                                 ,500       ,CitiBank debit 3226  ,Yes    ,             ,                            ,
09-10-16,12:42 PM  ,SPAR HYPERMARKET                                    ,"1,009"   ,CitiBank debit 6302  ,Yes    ,SHOPPING     ,                            ,
09-10-16,12:59 PM  ,ATM                                                 ,"2,000"   ,CitiBank debit 3226  ,Yes    ,             ,                            ,
10-10-16,11:50 AM  ,OLA                                                 ,119       ,OlaCab Messages      ,No     ,TRAVEL       ,                            ,
11-10-16,07:54 AM  ,BHARTI AIRTEL                                       ,500       ,CitiBank debit 6302  ,Yes    ,BILLS        ,                            ,
11-10-16,07:55 AM  ,8800897217                                          ,460       ,Airtel Money  Unknown,No     ,BILLS        ,                            ,
11-10-16,12:00 PM  ,WATER                                               ,90        ,CASH Spends          ,No     ,FOOD & DRINKS,                            ,
14-10-16,08:36 PM  ,DOSA AND MEDICINE                                   ,120       ,CASH Spends          ,No     ,FOOD & DRINKS,                            ,
15-10-16,12:00 PM  ,DINNER                                              ,80        ,CASH Spends          ,No     ,FOOD & DRINKS,                            ,
16-10-16,09:35 PM  ,ROLL ND MILK                                        ,95        ,CASH Spends          ,No     ,FOOD & DRINKS,                            ,
17-10-16,12:24 AM  ,AMAZON                                              ,"9,999"   ,CitiBank credit 3486 ,No     ,SHOPPING     ,#Online                     ,
18-10-16,05:29 PM  ,ATM                                                 ,"2,000"   ,CitiBank debit 3226  ,Yes    ,             ,                            ,
18-10-16,08:02 PM  ,MAKEMYTRIP                                          ,"6,384"   ,CitiBank credit 3486 ,No     ,TRAVEL       ,#Online                     ,
20-10-16,07:50 PM  ,FABINDIA OVERSEAS PVT. LTD.                         ,"1,580"   ,CitiBank credit 3486 ,No     ,SHOPPING     ,                            ,
23-10-16,07:48 AM  ,NET BANKING                                         ,"2,000"   ,CitiBank  3226       ,No     ,TRANSFER     ,#Friends                    ,IMPS Ref no 629707539809
24-10-16,04:46 PM  ,MATRESS AND PILLOW                                  ,900       ,CitiBank credit 3486 ,Yes    ,SHOPPING     ,#Online                     ,
27-10-16,12:00 PM  ,ANKUR'S IPHONE CELEBRATIONS (YES IT WASNT A TREAT :0,500       ,CASH Spends          ,No     ,FOOD & DRINKS,                            ,
28-10-16,05:54 AM  ,ELECTRICITY BILL                                    ,930       ,CASH Spends          ,No     ,BILLS        ,                            ,
28-10-16,08:47 AM  ,PAYTM MOBILE SOLUTIONS NO                           ,189.48    ,CitiBank debit 6302  ,Yes    ,BILLS        ,#Online                     ,
28-10-16,12:00 PM  ,WATER                                               ,90        ,CASH Spends          ,No     ,FOOD & DRINKS,                            ,
28-10-16,12:27 PM  ,SHIVAAY                                             ,300       ,CASH Spends          ,No     ,ENTERTAINMENT,                            ,
29-10-16,11:17 PM  ,PAYTM                                               ,775       ,PAYTM  Unknown       ,No     ,UNKNOWN      ,                            ,Paytm order# 2172760392
29-10-16,11:17 PM  ,PAYTM SB                                            ,775       ,CitiBank debit 6302  ,No     ,BILLS        ,#Online                     ,
30-10-16,03:12 PM  ,8800326513                                          ,235       ,PAYTM  Unknown       ,No     ,UNKNOWN      ,                            ,
30-10-16,03:15 PM  ,PAYTM MOBILE SOLUTIONS NO                           ,200       ,CitiBank debit 6302  ,Yes    ,BILLS        ,#Online                     ,
30-10-16,03:40 PM  ,UBER                                                ,203.62    ,PAYTM  Unknown       ,No     ,TRAVEL       ,#Online                     ,
31-10-16,01:40 PM  ,PAYTM MOBILE SOLUTIONS NO                           ,50        ,CitiBank debit 6302  ,Yes    ,BILLS        ,#Online                     ,
31-10-16,02:01 PM  ,UBER                                                ,60        ,PAYTM  Unknown       ,No     ,TRAVEL       ,#Online                     ,
31-10-16,02:51 PM  ,NET BANKING                                         ,"5,600"   ,CitiBank  3226       ,No     ,TRANSFER     ,                            ,IMPS Ref no 630514209286
01-11-16,10:39 AM  ,ATM                                                 ,"8,000"   ,CitiBank debit 3226  ,Yes    ,             ,                            ,
01-11-16,08:58 PM  ,ATM                                                 ,"2,500"   ,CitiBank debit 3226  ,Yes    ,             ,                            ,
04-11-16,07:27 PM  ,WATER                                               ,80        ,CASH Spends          ,No     ,FOOD & DRINKS,                            ,
11-11-16,07:58 PM  ,PAYTM MOBILE SOLUTIONS NO                           ,200       ,CitiBank debit 6302  ,Yes    ,BILLS        ,#Online                     ,
11-11-16,09:16 PM  ,PAYTM MOBILE SOLUTIONS NO                           ,200       ,CitiBank debit 6302  ,Yes    ,BILLS        ,#Online                     ,
11-11-16,09:50 PM  ,UBER                                                ,115.86    ,PAYTM  Unknown       ,No     ,TRAVEL       ,#Online                     ,
13-11-16,08:43 PM  ,PAYTM MOBILE SOLUTIONS NO                           ,350       ,CitiBank debit 6302  ,Yes    ,BILLS        ,#Online                     ,
15-11-16,07:35 PM  ,OLA CABS                                            ,500       ,CitiBank debit 6302  ,Yes    ,TRAVEL       ,#Online                     ,
17-11-16,11:21 PM  ,8800897217                                          ,390       ,Airtel Money  Unknown,No     ,BILLS        ,                            ,
17-11-16,11:21 PM  ,BHARTI AIRTEL                                       ,350       ,CitiBank debit 6302  ,Yes    ,BILLS        ,                            ,Bill pay
18-11-16,12:00 PM  ,CREDIT CREDIT PAY                                   ,"12,000"  ,CASH Spends          ,Yes    ,BILLS        ,                            ,
18-11-16,08:39 PM  ,BHARTI AIRTEL                                       ,427       ,CitiBank debit 6302  ,Yes    ,BILLS        ,                            ,Domino's pizza for sis
19-11-16,10:32 PM  ,DUE                                                 ,500       ,CASH Spends          ,No     ,TRANSFER     ,                            ,
20-11-16,02:39 PM  ,NET BANKING                                         ,"3,400"   ,Indian Bnk  1311     ,No     ,TRANSFER     ,                            ,Ref No. 632514198447
21-11-16,12:00 PM  ,DINNER                                              ,60        ,CASH Spends          ,No     ,FOOD & DRINKS,                            ,
25-11-16,08:45 PM  ,THE POST OFFICE CAFE                                ,"1,572"   ,CitiBank credit 3486 ,No     ,FOOD & DRINKS,                            ,
26-11-16,03:08 PM  ,OLA CABS                                            ,60        ,CitiBank debit 6302  ,Yes    ,TRAVEL       ,#Online                     ,
28-11-16,09:02 AM  ,AMAZON                                              ,"9,999"   ,CitiBank credit 3486 ,No     ,SHOPPING     ,#Online                     ,Ankurs note 3
29-11-16,07:20 PM  ,RELIANCE FRESH                                      ,119.95    ,CitiBank credit 3486 ,Yes    ,GROCERIES    ,                            ,
01-12-16,06:48 AM  ,NET BANKING                                         ,"2,100"   ,CitiBank  3226       ,No     ,TRANSFER     ,                            ,IMPS Ref no 633606775049
01-12-16,07:01 AM  ,CREDIT CARD PAY                                     ,"6,842"   ,CASH Spends          ,Yes    ,BILLS        ,                            ,
02-12-16,08:56 PM  ,PAYTM NO                                            ,235       ,CitiBank debit 6302  ,No     ,GROCERIES    ,#Online                     ,
02-12-16,08:57 PM  ,PAYTM MOBILE SOLUTIONS NO                           ,"1,000"   ,CitiBank debit 6302  ,Yes    ,BILLS        ,#Online                     ,
02-12-16,09:10 PM  ,AMANDEEP SINGH                                      ,165       ,PAYTM  Unknown       ,No     ,GROCERIES    ,                            ,Night out snacks
03-12-16,08:11 AM  ,UBER                                                ,92.86     ,PAYTM  Unknown       ,No     ,TRAVEL       ,#Online                     ,
03-12-16,06:40 PM  ,NET BANKING                                         ,"1,400"   ,CitiBank  3226       ,Yes    ,FOOD & DRINKS,                            ,IMPS Ref no 633318542213
04-12-16,11:41 AM  ,OLA                                                 ,198       ,OlaCab Messages      ,No     ,TRAVEL       ,                            ,
04-12-16,11:42 AM  ,OLA CABS                                            ,500       ,CitiBank debit 6302  ,Yes    ,TRAVEL       ,#Online                     ,
04-12-16,05:03 PM  ,UBER                                                ,60.35     ,PAYTM  Unknown       ,No     ,TRAVEL       ,#Online                     ,
04-12-16,10:26 PM  ,OLA                                                 ,103       ,OlaCab Messages      ,No     ,TRAVEL       ,                            ,
05-12-16,06:59 PM  ,WATER                                               ,90        ,CASH Spends          ,No     ,FOOD & DRINKS,                            ,
06-12-16,03:48 PM  ,NET BANKING                                         ,"1,000"   ,CitiBank  3226       ,No     ,TRANSFER     ,                            ,IMPS Ref no 634115078348 to Abhijeet
06-12-16,09:07 PM  ,SUBHASH MEDIWAYS DE                                 ,490       ,CitiBank debit 6302  ,Yes    ,GROCERIES    ,                            ,
06-12-16,09:17 PM  ,KRISHNAN DAIRY DE                                   ,150       ,CitiBank debit 6302  ,Yes    ,GROCERIES    ,                            ,
07-12-16,07:00 PM  ,PAYTM MOBILE SOLUTIONS NO                           ,500       ,CitiBank debit 6302  ,Yes    ,BILLS        ,#Online                     ,
07-12-16,07:06 PM  ,JANKI VAISHNO DHABA J.V.D                           ,30        ,PAYTM  Unknown       ,No     ,FOOD & DRINKS,                            ,
07-12-16,10:51 PM  ,PAYTM NO                                            ,"3,485"   ,CitiBank debit 6302  ,Yes    ,GROCERIES    ,#Online                     ,Flight ticket
07-12-16,11:08 PM  ,CLEARING BALANCE                                    ,"6,800"   ,CASH Spends          ,Yes    ,BILLS        ,                            ,
08-12-16,07:41 PM  ,8800897217                                          ,241       ,Airtel Money  Unknown,No     ,BILLS        ,                            ,
08-12-16,07:41 PM  ,BHARTI AIRTEL                                       ,196       ,CitiBank debit 6302  ,Yes    ,BILLS        ,                            ,
12-12-16,06:50 PM  ,KATI ROLL COTTAGE                                   ,140       ,PAYTM  Unknown       ,No     ,FOOD & DRINKS,                            ,
13-12-16,08:54 PM  ,LIFESTYLE                                           ,"2,595"   ,CitiBank credit 3486 ,Yes    ,SHOPPING     ,                            ,
15-12-16,03:42 PM  ,HP PETROL PUMP - KAMLESH HP CENTRE                  ,20        ,PAYTM  Unknown       ,No     ,FUEL         ,                            ,
15-12-16,05:33 PM  ,PROMPT STATIONERS                                   ,368       ,CitiBank credit 3486 ,Yes    ,SHOPPING     ,                            ,
15-12-16,09:59 PM  ,PAYTM                                               ,"1,078.47",CitiBank credit 3486 ,Yes    ,BILLS        ,#Online                     ,
15-12-16,10:04 PM  ,DINNER                                              ,310       ,CASH Spends          ,No     ,FOOD & DRINKS,                            ,
15-12-16,10:09 PM  ,ROUGE ONE IMAX                                      ,884       ,CASH Spends          ,No     ,ENTERTAINMENT,                            ,
15-12-16,10:15 PM  ,KATI ROLL COTTAGE                                   ,300       ,PAYTM  Unknown       ,No     ,FOOD & DRINKS,                            ,
17-12-16,10:29 PM  ,LOGIX CITY CENTRE                                   ,477.07    ,CitiBank credit 3486 ,Yes    ,FOOD & DRINKS,                            ,
17-12-16,10:30 PM  ,BURGER KING                                         ,127       ,CitiBank credit 3486 ,Yes    ,FOOD & DRINKS,                            ,
21-12-16,07:11 PM  ,ATM                                                 ,"2,500"   ,CitiBank debit 3226  ,Yes    ,             ,                            ,
21-12-16,07:14 PM  ,HDFC BANK ATM                                       ,"2,500"   ,CitiBank credit 3486 ,Yes    ,BILLS        ,                            ,
22-12-16,12:00 PM  ,GARBAGE BAGS                                        ,60        ,CASH Spends          ,No     ,GROCERIES    ,                            ,
22-12-16,06:56 PM  ,RELIANCE                                            ,110.74    ,CitiBank debit 6302  ,Yes    ,INVESTMENT   ,#Online                     ,
23-12-16,05:31 PM  ,PAYTM MOBILE SOLUTIONS NO                           ,500       ,CitiBank debit 6302  ,Yes    ,BILLS        ,#Online                     ,
24-12-16,12:21 PM  ,KRISHNAN DAIRY DE                                   ,265       ,CitiBank credit 3486 ,Yes    ,GROCERIES    ,                            ,
25-12-16,05:11 AM  ,APPLE ITUNES                                        ,120       ,CitiBank debit 6302  ,Yes    ,SHOPPING     ,#Online                     ,
26-12-16,08:23 AM  ,CITRUS PAY GO                                       ,99        ,CitiBank credit 3486 ,Yes    ,BILLS        ,                            ,
26-12-16,01:15 PM  ,FREECHARGE                                          ,"1,000"   ,CitiBank credit 3486 ,Yes    ,BILLS        ,#Online                     ,
26-12-16,07:49 PM  ,ELECTRICITY BILL                                    ,"1,000"   ,CASH Spends          ,Yes    ,BILLS        ,                            ,
27-12-16,06:12 AM  ,ANKIT SHARE                                         ,350       ,CASH Spends          ,No     ,TRANSFER     ,                            ,
27-12-16,10:58 PM  ,BOOKMYSHOW                                          ,284.5     ,CitiBank credit 3486 ,Yes    ,ENTERTAINMENT,#Online                     ,
28-12-16,03:19 PM  ,PAYTM.COM                                           ,200       ,CitiBank credit 3486 ,Yes    ,BILLS        ,#Online                     ,
28-12-16,03:38 PM  ,PAYTM MOBILE SOLUTIONS NO                           ,600       ,CitiBank debit 6302  ,Yes    ,BILLS        ,#Online                     ,
28-12-16,04:09 PM  ,UBER                                                ,100       ,PAYTM  Unknown       ,No     ,TRAVEL       ,#Online                     ,
28-12-16,05:35 PM  ,NET BANKING                                         ,"5,600"   ,CitiBank  3226       ,No     ,TRANSFER     ,                            ,IMPS Ref no 636317907495
29-12-16,01:18 PM  ,UBER                                                ,117.02    ,PAYTM  Unknown       ,No     ,TRAVEL       ,#Online                     ,
29-12-16,01:49 PM  ,STORE 99                                            ,132       ,CitiBank debit 6302  ,Yes    ,SHOPPING     ,                            ,
29-12-16,01:58 PM  ,BURGER KING                                         ,93        ,CitiBank debit 6302  ,Yes    ,FOOD & DRINKS,                            ,
29-12-16,02:27 PM  ,UBER                                                ,60        ,PAYTM  Unknown       ,No     ,TRAVEL       ,#Online                     ,
29-12-16,03:35 PM  ,UBER                                                ,114.35    ,PAYTM  Unknown       ,No     ,TRAVEL       ,#Online                     ,
30-12-16,10:40 AM  ,MAKEMYTRIP                                          ,"1,380"   ,CitiBank debit 6302  ,Yes    ,TRAVEL       ,#Online                     ,
30-12-16,12:31 PM  ,UBER                                                ,60        ,PAYTM  Unknown       ,No     ,TRAVEL       ,#Online                     ,
30-12-16,08:17 PM  ,LONAWLA RESTAURANT                                  ,"1,280"   ,CitiBank credit 3486 ,Yes    ,FOOD & DRINKS,                            ,
31-12-16,12:19 PM  ,OLA                                                 ,135       ,OlaCab Messages      ,No     ,TRAVEL       ,                            ,
31-12-16,12:29 PM  ,OLA CABS                                            ,133       ,CitiBank debit 6302  ,Yes    ,TRAVEL       ,#Online                     ,
31-12-16,07:34 PM  ,OLA                                                 ,293       ,OlaCab Messages      ,No     ,TRAVEL       ,                            ,
31-12-16,07:34 PM  ,OLA CABS                                            ,200       ,CitiBank debit 6302  ,Yes    ,TRAVEL       ,#Online                     ,
01-01-17,02:15 PM  ,SHELL PETROL PUMP                                   ,57        ,CitiBank debit 6302  ,Yes    ,FUEL         ,                            ,
01-01-17,10:31 PM  ,UBER                                                ,178.49    ,PAYTM  Unknown       ,No     ,TRAVEL       ,#Online                     ,
02-01-17,09:55 AM  ,PAYTM APP NO                                        ,500       ,CitiBank debit 6302  ,Yes    ,BILLS        ,#Online                     ,
02-01-17,03:06 PM  ,OLA CABS                                            ,200       ,CitiBank debit 6302  ,Yes    ,TRAVEL       ,#Online                     ,
02-01-17,03:33 PM  ,OLA                                                 ,90        ,OlaCab Messages      ,No     ,TRAVEL       ,                            ,
03-01-17,06:34 PM  ,MAKEMYTRIP                                          ,"6,327"   ,CitiBank credit 3486 ,Yes    ,TRAVEL       ,#Online                     ,
03-01-17,09:03 PM  ,OLA                                                 ,46        ,OlaCab Messages      ,No     ,TRAVEL       ,                            ,
03-01-17,09:27 PM  ,UBER                                                ,119.76    ,PAYTM  Unknown       ,No     ,TRAVEL       ,#Online                     ,
04-01-17,10:36 AM  ,OLA CABS                                            ,100       ,CitiBank debit 6302  ,Yes    ,TRAVEL       ,#Online                     ,
04-01-17,11:13 AM  ,OLA                                                 ,42        ,OlaCab Messages      ,No     ,TRAVEL       ,                            ,
04-01-17,11:18 AM  ,APOLLO HOSPITALS                                    ,447.5     ,CitiBank credit 3486 ,Yes    ,HEALTH       ,#Online                     ,
04-01-17,08:58 PM  ,WATER                                               ,90        ,CASH Spends          ,No     ,FOOD & DRINKS,                            ,
05-01-17,02:19 PM  ,ATM                                                 ,"4,500"   ,CitiBank debit 3226  ,Yes    ,             ,                            ,
05-01-17,07:49 PM  ,SPICEJET LIMITED                                    ,"2,450"   ,CitiBank credit 3486 ,Yes    ,TRAVEL       ,#Online                     ,
05-01-17,09:39 PM  ,ROLLS                                               ,210       ,CASH Spends          ,No     ,FOOD & DRINKS,                            ,
06-01-17,08:53 PM  ,OLA                                                 ,124       ,OlaCab Messages      ,No     ,TRAVEL       ,                            ,
06-01-17,09:15 PM  ,UBER                                                ,120.5     ,PAYTM  Unknown       ,No     ,TRAVEL       ,#Online                     ,
06-01-17,09:21 PM  ,8800897217                                          ,358       ,Airtel Money  Unknown,No     ,BILLS        ,                            ,
06-01-17,09:21 PM  ,AIRTELMONEY                                         ,346       ,CitiBank debit 6302  ,Yes    ,BILLS        ,#Online                     ,
06-01-17,10:00 PM  ,9999194627                                          ,35        ,PAYTM  Unknown       ,No     ,FOOD & DRINKS,                            ,
07-01-17,12:00 PM  ,MAID                                                ,100       ,CASH Spends          ,No     ,BILLS        ,                            ,
08-01-17,06:49 PM  ,RENT AMOUNT TRANSFERRED                             ,"6,500"   ,CASH Spends          ,Yes    ,BILLS        ,                            ,
09-01-17,08:20 PM  ,PAYTM APP NO                                        ,200       ,CitiBank debit 6302  ,Yes    ,BILLS        ,#Online                     ,
09-01-17,09:22 PM  ,OLA                                                 ,77        ,OlaCab Messages      ,No     ,TRAVEL       ,                            ,
11-01-17,10:17 PM  ,UBER                                                ,98.72     ,PAYTM  Unknown       ,No     ,TRAVEL       ,#Online                     ,
16-01-17,09:43 PM  ,FREECHARGE                                          ,331       ,CitiBank debit 6302  ,Yes    ,BILLS        ,#Online                     ,
17-01-17,05:56 AM  ,OLA CABS                                            ,500       ,CitiBank credit 3486 ,Yes    ,TRAVEL       ,#Online                     ,
17-01-17,08:39 AM  ,PAYTM NO                                            ,300       ,CitiBank debit 6302  ,Yes    ,GROCERIES    ,#Online                     ,
17-01-17,08:43 AM  ,FREECHARGE                                          ,200       ,CitiBank debit 6302  ,Yes    ,BILLS        ,#Online                     ,
19-01-17,09:38 PM  ,KWALITY DHABA NE                                    ,360       ,CitiBank debit 6302  ,Yes    ,FOOD & DRINKS,                            ,
21-01-17,11:48 AM  ,FREECHARGE                                          ,568       ,CitiBank credit 3486 ,Yes    ,BILLS        ,#Online                     ,
21-01-17,12:02 PM  ,FREECHARGE                                          ,358       ,CitiBank credit 3486 ,Yes    ,BILLS        ,#Online                     ,
22-01-17,02:49 PM  ,DUE PAYMENT                                         ,"1,500"   ,CASH Spends          ,Yes    ,TRANSFER     ,                            ,Dues of internet bill paid by harshit
22-01-17,10:15 PM  ,UBER                                                ,211.2     ,PAYTM  Unknown       ,No     ,TRAVEL       ,#Online                     ,
23-01-17,12:24 AM  ,UBER                                                ,158.1     ,PAYTM  Unknown       ,No     ,TRAVEL       ,#Online                     ,
24-01-17,12:00 PM  ,DUE PAYMENT                                         ,"1,500"   ,CASH Spends          ,Yes    ,TRANSFER     ,                            ,
29-01-17,08:16 AM  ,WATER                                               ,90        ,CASH Spends          ,No     ,FOOD & DRINKS,                            ,
30-01-17,09:08 PM  ,UBER                                                ,81.83     ,PAYTM  Unknown       ,No     ,TRAVEL       ,#Online                     ,
31-01-17,06:37 AM  ,APPLE ITUNES                                        ,60        ,CitiBank credit 3486 ,Yes    ,SHOPPING     ,#Online                     ,
01-02-17,08:16 AM  ,SAURABH KUMAR                                       ,"5,600"   ,CitiBank  3226       ,No     ,TRANSFER     ,                            ,Ref No CITIN17739514040
01-02-17,08:35 AM  ,AMAZON                                              ,"3,316.1" ,CitiBank credit 3486 ,Yes    ,SHOPPING     ,#Online                     ,
02-02-17,08:44 PM  ,MOBILE/WALLET RECHAR                                ,"5,000"   ,CitiBank credit 3486 ,Yes    ,ENTERTAINMENT,#Online                     ,
02-02-17,09:33 PM  ,BIJLI                                               ,"2,670"   ,CASH Spends          ,No     ,BILLS        ,                            ,
02-02-17,09:34 PM  ,JAL                                                 ,683.5     ,CASH Spends          ,No     ,BILLS        ,                            ,
02-02-17,09:39 PM  ,TRANSFER FOR RENT                                   ,"5,000"   ,CASH Spends          ,Yes    ,BILLS        ,                            ,
02-02-17,09:41 PM  ,PAID HARSHIT                                        ,"2,297.91",CitiBank debit 6302  ,Yes    ,BILLS        ,                            ,Three
02-02-17,10:11 PM  ,9717903129                                          ,900       ,PAYTM  Unknown       ,No     ,TRANSFER     ,                            ,Ankurs debt
03-02-17,03:28 PM  ,8826589012                                          ,225       ,PAYTM  Unknown       ,No     ,FOOD & DRINKS,                            ,Magnum ice cream
04-02-17,07:28 AM  ,UBER                                                ,1         ,CitiBank credit 3486 ,Yes    ,TRAVEL       ,#Online                     ,
04-02-17,08:51 AM  ,UBER                                                ,232.56    ,PAYTM  Unknown       ,No     ,TRAVEL       ,#Online                     ,Howrah to airport
04-02-17,11:28 AM  ,PAYU                                                ,908       ,CitiBank debit 6302  ,Yes    ,BILLS        ,#Online                     ,
04-02-17,05:13 PM  ,UBER                                                ,49        ,PAYTM  Unknown       ,No     ,TRAVEL       ,#Online                     ,
04-02-17,08:22 PM  ,UBER                                                ,49        ,PAYTM  Unknown       ,No     ,TRAVEL       ,#Online                     ,
05-02-17,08:09 AM  ,FRUIT SALAD                                         ,60        ,CASH Spends          ,No     ,FOOD & DRINKS,                            ,
05-02-17,05:11 PM  ,DEBIT                                               ,"7,100"   ,SBI  XXXX            ,No     ,UNKNOWN      ,                            ,RD0000002427435
05-02-17,08:48 PM  ,WWW ACCOUNT FREECHARGE GURGAON IND                  ,120       ,CitiBank credit 3486 ,Yes    ,FOOD & DRINKS,#Online                     ,
08-02-17,09:22 PM  ,WATER                                               ,90        ,CASH Spends          ,No     ,FOOD & DRINKS,                            ,
10-02-17,10:31 PM  ,AIRTELMONEY                                         ,225       ,CitiBank debit 6302  ,Yes    ,BILLS        ,#Online                     ,
12-02-17,01:50 AM  ,AMAZON                                              ,2         ,CitiBank credit 3486 ,Yes    ,SHOPPING     ,#Online                     ,
14-02-17,10:10 PM  ,UBER                                                ,154.57    ,CitiBank credit 3486 ,Yes    ,TRAVEL       ,#Online                     ,
18-02-17,10:08 AM  ,NET BANKING                                         ,"5,000"   ,SBI  4251            ,No     ,BILLS        ,                            ,IMPS Ref no 704910707623
19-02-17,09:29 AM  ,AMAZON                                              ,171       ,CitiBank credit 3486 ,Yes    ,SHOPPING     ,#Online                     ,
20-02-17,12:00 PM  ,WATER                                               ,90        ,CASH Spends          ,No     ,FOOD & DRINKS,                            ,
20-02-17,07:21 PM  ,PAYTM MOBILE SOLUTIO                                ,500       ,CitiBank credit 3486 ,Yes    ,BILLS        ,#Online                     ,
20-02-17,07:24 PM  ,9717903129                                          ,350       ,PAYTM  Unknown       ,No     ,TRANSFER     ,                            ,Transfer to ankur
23-02-17,12:00 PM  ,ROLLS                                               ,100       ,CASH Spends          ,No     ,FOOD & DRINKS,                            ,
24-02-17,06:54 PM  ,ONE97COMM_PAYTM                                     ,500       ,CitiBank credit 3486 ,Yes    ,BILLS        ,#Online                     ,Bijli
28-02-17,12:00 PM  ,LOGAN IMAX                                          ,610       ,CASH Spends          ,No     ,ENTERTAINMENT,                            ,
28-02-17,04:13 PM  ,NET BANKING                                         ,"5,000"   ,CitiBank  3226       ,No     ,TRANSFER     ,                            ,IMPS Ref no 705916528566
28-02-17,07:21 PM  ,ATM                                                 ,"10,000"  ,CitiBank debit 3226  ,No     ,             ,                            ,
28-02-17,11:18 PM  ,PAYTM                                               ,719       ,CitiBank credit 3486 ,Yes    ,BILLS        ,#Online                     ,
01-03-17,08:06 AM  ,SAURABH KUMAR                                       ,"5,600"   ,CitiBank  3226       ,No     ,TRANSFER     ,                            ,Ref No CITIN17750089686
01-03-17,12:00 PM  ,MEDICINES                                           ,500       ,CASH Spends          ,No     ,HEALTH       ,                            ,
01-03-17,07:15 PM  ,ATM                                                 ,"2,000"   ,CitiBank debit 3226  ,Yes    ,             ,                            ,
01-03-17,07:17 PM  ,ATM                                                 ,"1,500"   ,CitiBank debit 3226  ,Yes    ,             ,                            ,
01-03-17,07:18 PM  ,ATM                                                 ,"7,500"   ,CitiBank debit 3226  ,Yes    ,             ,                            ,
02-03-17,07:18 PM  ,AMAZON                                              ,515.2     ,CitiBank credit 3486 ,Yes    ,SHOPPING     ,#Online                     ,
04-03-17,08:34 PM  ,PAYTM.COM                                           ,700       ,CitiBank credit 3486 ,Yes    ,BILLS        ,#Online                     ,
04-03-17,08:44 PM  ,9717903129                                          ,400       ,PAYTM  Unknown       ,No     ,TRANSFER     ,                            ,To ankur
05-03-17,06:55 AM  ,RELIANCEJIO                                         ,99        ,CitiBank credit 3486 ,Yes    ,OTHER        ,#Online                     ,
05-03-17,12:05 PM  ,DEBIT                                               ,"7,100"   ,SBI  XXXX            ,No     ,INVESTMENT   ,                            ,RD0000002427435
07-03-17,07:51 PM  ,OLA CABS                                            ,20        ,CitiBank debit 6302  ,Yes    ,TRAVEL       ,#Online                     ,
08-03-17,06:36 PM  ,BHARTI AIRTEL                                       ,276       ,CitiBank credit 3486 ,Yes    ,BILLS        ,                            ,
08-03-17,09:26 PM  ,SUBHASH MEDICALS (SINCE 1996)                       ,180       ,CitiBank credit 3486 ,Yes    ,HEALTH       ,                            ,
09-03-17,08:50 AM  ,UBER                                                ,178.45    ,PAYTM  Unknown       ,No     ,TRAVEL       ,#Online                     ,
09-03-17,09:29 AM  ,KFC                                                 ,263       ,CitiBank credit 3486 ,Yes    ,FOOD & DRINKS,                            ,Airport breakfast
20-03-17,12:00 PM  ,CASH SPENT                                          ,130       ,CASH Spends          ,No     ,FOOD & DRINKS,                            ,
23-03-17,12:03 AM  ,AMAZON                                              ,440       ,CitiBank debit 6302  ,Yes    ,SHOPPING     ,#Online                     ,Camera battery
24-03-17,08:48 PM  ,PAYTM MOBILE SOLUTIO                                ,270       ,CitiBank credit 3486 ,Yes    ,BILLS        ,#Online                     ,
25-03-17,12:00 PM  ,WATER                                               ,90        ,CASH Spends          ,No     ,FOOD & DRINKS,                            ,
26-03-17,12:00 PM  ,DINNER                                              ,100       ,CASH Spends          ,No     ,FOOD & DRINKS,                            ,
30-03-17,08:52 PM  ,IGNOU EGYANKOSH                                     ,605.1     ,CitiBank credit 3486 ,Yes    ,INVESTMENT   ,                            ,Examination form
31-03-17,07:32 AM  ,FREECHARGE                                          ,66        ,CitiBank credit 3486 ,Yes    ,BILLS        ,#Online                     ,Amrita s recharge
31-03-17,08:50 AM  ,PAYTM MOBILE SOLUTIO                                ,499.45    ,CitiBank credit 3486 ,No     ,BILLS        ,#Online                     ,
01-04-17,09:45 AM  ,BIJLI                                               ,450       ,CASH Spends          ,Yes    ,BILLS        ,                            ,Electricity bill
01-04-17,11:03 AM  ,NET BANKING                                         ,"7,780"   ,CitiBank  3226       ,No     ,TRANSFER     ,                            ,IMPS Ref no 709111040782
01-04-17,12:00 PM  ,MACBOOK PAYOFF                                      ,"19,500"  ,CASH Spends          ,Yes    ,SHOPPING     ,                            ,
02-04-17,07:16 PM  ,WATER                                               ,90        ,CASH Spends          ,Yes    ,FOOD & DRINKS,                            ,
02-04-17,07:18 PM  ,PAYTM.COM                                           ,282.51    ,CitiBank credit 3486 ,Yes    ,BILLS        ,#Online                     ,Water bill
03-04-17,09:21 PM  ,8800897217                                          ,10        ,Airtel Money  Unknown,No     ,BILLS        ,                            ,
04-04-17,08:25 PM  ,TRANSFERRED FOR RENT                                ,"6,200"   ,CASH Spends          ,Yes    ,BILLS        ,                            ,
05-04-17,11:26 AM  ,DEBIT                                               ,"7,100"   ,SBI  XXXX            ,No     ,TRANSFER     ,                            ,RD0000002427435
07-04-17,09:48 PM  ,"DISH SOAP, HAND WASH"                              ,76        ,CASH Spends          ,No     ,GROCERIES    ,                            ,
07-04-17,09:49 PM  ,HAIR CUT                                            ,150       ,CASH Spends          ,No     ,HEALTH       ,                            ,
08-04-17,07:51 PM  ,RELIANCE FRESH                                      ,205.49    ,CitiBank credit 3486 ,Yes    ,GROCERIES    ,                            ,
09-04-17,12:24 PM  ,MAID                                                ,150       ,CASH Spends          ,Yes    ,BILLS        ,                            ,
10-04-17,09:37 AM  ,PAYTM MOBILE SOLUTIO                                ,500       ,CitiBank credit 3486 ,Yes    ,BILLS        ,#Online                     ,
10-04-17,06:57 PM  ,RELIANCE FRESH                                      ,174.48    ,CitiBank credit 3486 ,Yes    ,GROCERIES    ,                            ,
10-04-17,09:44 PM  ,AMAZON                                              ,799.2     ,CitiBank credit 3486 ,Yes    ,GROCERIES    ,#Online                     ,Shampoo
12-04-17,06:42 PM  ,RELIANCE FRESH                                      ,72.7      ,CitiBank credit 3486 ,Yes    ,GROCERIES    ,                            ,
12-04-17,08:57 PM  ,ATM                                                 ,"1,500"   ,CitiBank debit 3226  ,Yes    ,             ,                            ,
14-04-17,08:10 PM  ,THE FEAST HOUSE                                     ,617       ,CitiBank credit 3486 ,Yes    ,FOOD & DRINKS,                            ,
14-04-17,09:40 PM  ,FREECHARGE                                          ,125       ,CitiBank credit 3486 ,Yes    ,BILLS        ,#Online                     ,
16-04-17,11:02 AM  ,"BATHROOM FRESHNER, WATER BISLERI"                  ,145       ,CASH Spends          ,No     ,GROCERIES    ,                            ,
16-04-17,02:40 PM  ,RELIANCE FRESH                                      ,210.88    ,CitiBank credit 3486 ,Yes    ,GROCERIES    ,                            ,
16-04-17,07:56 PM  ,PAYTM                                               ,46        ,CitiBank credit 3486 ,No     ,BILLS        ,#Online                     ,
16-04-17,08:44 PM  ,KFC                                                 ,"1,436"   ,CitiBank credit 3486 ,No     ,FOOD & DRINKS,                            ,
18-04-17,08:40 PM  ,ODEON SOCIAL                                        ,385       ,CitiBank credit 3486 ,Yes    ,FOOD & DRINKS,                            ,
20-04-17,06:40 PM  ,ATM                                                 ,700       ,CitiBank debit 3226  ,Yes    ,             ,                            ,
20-04-17,06:56 PM  ,RELIANCE FRESH                                      ,148.76    ,CitiBank credit 3486 ,Yes    ,GROCERIES    ,                            ,
21-04-17,07:41 AM  ,WATER                                               ,90        ,CASH Spends          ,No     ,FOOD & DRINKS,                            ,
24-04-17,06:56 PM  ,RELIANCE FRESH                                      ,92.61     ,CitiBank credit 3486 ,Yes    ,GROCERIES    ,                            ,
26-04-17,08:39 PM  ,ELECTRICITY BILL                                    ,370       ,CASH Spends          ,No     ,BILLS        ,                            ,
26-04-17,08:41 PM  ,MOMO                                                ,32.5      ,CASH Spends          ,No     ,FOOD & DRINKS,                            ,
27-04-17,07:11 AM  ,WWW AIRTEL IN                                       ,345       ,CitiBank credit 3486 ,Yes    ,BILLS        ,#Online                     ,
27-04-17,06:52 PM  ,RELIANCE FRESH                                      ,335       ,CitiBank credit 3486 ,Yes    ,GROCERIES    ,                            ,
27-04-17,07:09 PM  ,GROCERY                                             ,75.5      ,CASH Spends          ,No     ,GROCERIES    ,                            ,
28-04-17,09:38 PM  ,NET BANKING                                         ,"30,000"  ,CitiBank  3226       ,No     ,TRANSFER     ,                            ,IMPS Ref no 711821694464
29-04-17,06:10 AM  ,NET BANKING                                         ,"1,980"   ,CitiBank  3226       ,No     ,TRANSFER     ,                            ,IMPS Ref no 711906919677
01-05-17,02:48 PM  ,MACBOOK PAYOFF                                      ,"30,000"  ,CASH Spends          ,Yes    ,SHOPPING     ,                            ,
01-05-17,06:43 PM  ,ATM                                                 ,"7,500"   ,CitiBank debit 3226  ,Yes    ,             ,                            ,
05-05-17,09:34 AM  ,PAYTM                                               ,240       ,PAYTM  Unknown       ,No     ,FOOD & DRINKS,                            ,Paytm order# 3187337349
05-05-17,11:00 AM  ,DEBIT                                               ,"7,100"   ,SBI  XXXX            ,No     ,INVESTMENT   ,                            ,RD0000002427435
06-05-17,01:44 AM  ,UBER                                                ,340.87    ,PAYTM  Unknown       ,No     ,TRAVEL       ,#Online                     ,
07-05-17,10:54 AM  ,ATM                                                 ,"2,000"   ,CitiBank debit 3226  ,Yes    ,             ,                            ,
09-05-17,09:47 PM  ,PAYTM MOBILE SOLUTIONS                              ,10        ,SBI debit 1155       ,Yes    ,BILLS        ,#Online                     ,470000000218923
12-05-17,09:00 PM  ,AMRITA ARORA                                        ,300       ,PhonePe  Unknown     ,Yes    ,TRANSFER     ,                            ,
12-05-17,09:05 PM  ,AMRITA ARORA                                        ,300       ,PhonePe  Unknown     ,No     ,TRANSFER     ,                            ,
13-05-17,07:29 AM  ,AMAZON                                              ,95        ,SBI credit 9847      ,No     ,SHOPPING     ,#Online                     ,
13-05-17,07:40 AM  ,AMAZON                                              ,87        ,CitiBank credit 3486 ,Yes    ,GROCERIES    ,#Online                     ,
13-05-17,07:43 AM  ,AMAZON                                              ,71.25     ,SBI credit 9847      ,No     ,SHOPPING     ,#Online                     ,
13-05-17,05:28 PM  ,NET BANKING                                         ,10        ,CitiBank  3226       ,Yes    ,TRANSFER     ,                            ,IMPS Ref no 713317886086
13-05-17,05:30 PM  ,NET BANKING                                         ,13        ,CitiBank  3226       ,Yes    ,TRANSFER     ,                            ,IMPS Ref no 713317887048
13-05-17,05:34 PM  ,SANGAM PRIYA                                        ,300       ,PhonePe  Unknown     ,Yes    ,TRANSFER     ,                            ,
13-05-17,05:47 PM  ,SANGAM PRIYA                                        ,400       ,PhonePe  Unknown     ,Yes    ,TRANSFER     ,                            ,
14-05-17,09:13 AM  ,FLIPKART                                            ,949       ,PhonePe  Unknown     ,Yes    ,SHOPPING     ,#Online                     ,
14-05-17,04:14 PM  ,NET BANKING                                         ,10        ,SBI  4251            ,No     ,TRANSFER     ,                            ,IMPS Ref no 713416619836
14-05-17,09:20 PM  ,DHARMESH KUMAR SINGH                                ,"1,150"   ,PhonePe  Unknown     ,No     ,TRANSFER     ,                            ,
14-05-17,09:32 PM  ,CASH SPENT                                          ,850       ,CASH Spends          ,No     ,TRANSFER     ,                            ,
15-05-17,05:39 PM  ,9953474897                                          ,450       ,Airtel Money  Unknown,No     ,BILLS        ,                            ,
15-05-17,05:39 PM  ,BHARTI AIRTEL LTD.                                  ,442       ,CitiBank credit 3486 ,Yes    ,BILLS        ,                            ,
15-05-17,08:17 PM  ,WATER X2                                            ,180       ,CASH Spends          ,No     ,FOOD & DRINKS,                            ,
15-05-17,08:32 PM  ,ATM                                                 ,"2,000"   ,CitiBank debit 3226  ,Yes    ,             ,                            ,
16-05-17,06:18 PM  ,"HANDWASH, AIR FRESHENER, GARBAGE BAG"              ,163       ,CASH Spends          ,No     ,GROCERIES    ,                            ,
16-05-17,07:05 PM  ,RELIANCE FRESH                                      ,330.21    ,SBI credit 9847      ,No     ,GROCERIES    ,                            ,
16-05-17,09:46 PM  ,AMAZON                                              ,99        ,CitiBank credit 3486 ,No     ,GROCERIES    ,#Online                     ,
17-05-17,08:55 AM  ,DHARMESH KUMAR SINGH                                ,518       ,PhonePe  Unknown     ,Yes    ,INVESTMENT   ,                            ,
17-05-17,09:08 AM  ,DHARMESH KUMAR SINGH                                ,221       ,PhonePe  Unknown     ,Yes    ,INVESTMENT   ,                            ,
17-05-17,09:19 AM  ,AMAZON                                              ,160       ,CitiBank credit 3486 ,Yes    ,GROCERIES    ,#Online                     ,
17-05-17,09:48 AM  ,FX MART PVT. LTD                                    ,739       ,CitiBank credit 3486 ,Yes    ,BILLS        ,#Online                     ,
18-05-17,06:07 AM  ,CLEARED                                             ,836       ,CASH Spends          ,No     ,TRANSFER     ,                            ,
18-05-17,06:10 AM  ,LEFT                                                ,360       ,CASH Spends          ,No     ,TRANSFER     ,                            ,
22-05-17,06:50 PM  ,RELIANCE FRESH                                      ,164.46    ,SBI credit 9847      ,No     ,GROCERIES    ,                            ,
22-05-17,07:26 PM  ,CASH SPENT                                          ,"1,150"   ,CASH Spends          ,No     ,TRANSFER     ,                            ,
24-05-17,09:45 PM  ,FX MART PVT                                         ,910       ,CitiBank credit 3486 ,Yes    ,TRANSFER     ,#Online                     ,
24-05-17,09:49 PM  ,NET BANKING                                         ,"1,100"   ,CitiBank  3226       ,No     ,TRANSFER     ,                            ,IMPS Ref no 714421956191
24-05-17,10:00 PM  ,BIJLI                                               ,910       ,CASH Spends          ,No     ,BILLS        ,                            ,
25-05-17,06:36 AM  ,AIRTEL PAYMENT                                      ,323       ,CitiBank credit 3486 ,Yes    ,BILLS        ,#Online                     ,
25-05-17,06:36 AM  ,8800897217                                          ,345       ,Airtel Money  Unknown,No     ,BILLS        ,                            ,
26-05-17,08:34 AM  ,AMAZON                                              ,449       ,CitiBank credit 3486 ,No     ,GROCERIES    ,#Online                     ,
26-05-17,09:26 PM  ,NET BANKING                                         ,661       ,SBI  XXXX            ,No     ,BILLS        ,                            ,Ref No IGABJHPWT1
27-05-17,07:29 AM  ,PAYTMMOVIES_PAYTM                                   ,430.42    ,CitiBank credit 3486 ,Yes    ,BILLS        ,#Online                     ,
27-05-17,03:31 PM  ,UBER                                                ,49        ,CitiBank credit 3486 ,Yes    ,TRAVEL       ,#Online                     ,
27-05-17,11:23 PM  ,UBER                                                ,49        ,CitiBank credit 3486 ,Yes    ,TRAVEL       ,#Online                     ,
28-05-17,11:19 PM  ,AMAZON                                              ,98        ,CitiBank credit 3486 ,Yes    ,GROCERIES    ,#Online                     ,
31-05-17,01:16 PM  ,NET BANKING                                         ,"25,000"  ,CitiBank  3226       ,No     ,TRANSFER     ,                            ,IMPS Ref no 715113990953
31-05-17,05:11 PM  ,ONE97 COM LTD-PAYTM                                 ,960       ,CitiBank debit 6302  ,No     ,BILLS        ,#Online                     ,
31-05-17,10:02 PM  ,FX MART PVT. LTD                                    ,809       ,CitiBank credit 3486 ,Yes    ,BILLS        ,#Online                     ,
31-05-17,10:53 PM  ,CASH SPENT                                          ,"1,000"   ,CASH Spends          ,No     ,TRANSFER     ,                            ,
01-06-17,06:52 PM  ,ATM                                                 ,"10,000"  ,CitiBank debit 3226  ,Yes    ,             ,                            ,
01-06-17,06:53 PM  ,ATM                                                 ,"4,000"   ,CitiBank debit 3226  ,Yes    ,             ,                            ,
02-06-17,11:07 AM  ,SANGAM PRIYA                                        ,"1,307"   ,PhonePe  Unknown     ,No     ,UNKNOWN      ,                            ,
02-06-17,01:05 PM  ,OLA                                                 ,149       ,OlaCab Messages      ,No     ,TRAVEL       ,                            ,
02-06-17,06:50 PM  ,SETHIS THE CAKE SHOP                                ,330       ,CitiBank debit 6302  ,Yes    ,SHOPPING     ,                            ,
02-06-17,06:53 PM  ,ATM                                                 ,"2,500"   ,CitiBank debit 3226  ,Yes    ,             ,                            ,
03-06-17,11:09 AM  ,MAID                                                ,100       ,CASH Spends          ,Yes    ,BILLS        ,                            ,
03-06-17,07:15 PM  ,ONE97 COM LTD-PAYTM                                 ,700       ,CitiBank debit 6302  ,Yes    ,BILLS        ,#Online                     ,
03-06-17,07:24 PM  ,PAYTM                                               ,"1,987"   ,PAYTM  Unknown       ,No     ,GROCERIES    ,                            ,Paytm order# 3330854047
03-06-17,07:37 PM  ,ZOMATO                                              ,145       ,CitiBank credit 3486 ,Yes    ,FOOD & DRINKS,#Online                     ,
04-06-17,08:28 AM  ,NET BANKING                                         ,574       ,SBI  XXXX            ,No     ,BILLS        ,                            ,Ref No IGABKKNCB6
05-06-17,10:19 AM  ,NET BANKING                                         ,"5,100"   ,SBI  4251            ,No     ,TRANSFER     ,                            ,IMPS Ref no 715610598868
05-06-17,10:55 AM  ,DEBIT                                               ,"7,100"   ,SBI  XXXX            ,No     ,TRANSFER     ,                            ,RD0000002427435
05-06-17,09:13 PM  ,AMRITA ARORA                                        ,517       ,PhonePe  Unknown     ,No     ,TRANSFER     ,                            ,
10-06-17,09:02 PM  ,UBER                                                ,89        ,PAYTM  Unknown       ,No     ,TRAVEL       ,#Online                     ,
11-06-17,10:12 PM  ,UBER                                                ,89        ,PAYTM  Unknown       ,No     ,TRAVEL       ,#Online                     ,
15-06-17,06:49 AM  ,WATER                                               ,90        ,CASH Spends          ,No     ,FOOD & DRINKS,                            ,
17-06-17,01:17 PM  ,CASH WITHDRAWAL                                     ,"1,500"   ,SBI  4251            ,Yes    ,OTHER        ,                            ,
18-06-17,10:04 AM  ,NET BANKING                                         ,"1,645"   ,SBI  XXXX            ,No     ,TRAVEL       ,                            ,Ref No IGABMNRNO2 for ankit train
18-06-17,05:41 PM  ,WATER                                               ,90        ,CASH Spends          ,No     ,FOOD & DRINKS,                            ,
20-06-17,06:00 AM  ,FUNDS TRANSFER                                      ,11.5      ,SBI  4251            ,No     ,TRANSFER     ,                            ,
22-06-17,06:27 AM  ,SWEEOER                                             ,100       ,CASH Spends          ,No     ,BILLS        ,                            ,
23-06-17,07:51 PM  ,PAYTM                                               ,650       ,CitiBank credit 3486 ,Yes    ,GROCERIES    ,#Online                     ,
24-06-17,10:53 AM  ,DLP INDIA                                           ,838       ,SBI credit 9847      ,No     ,GROCERIES    ,                            ,
24-06-17,12:45 PM  ,MYNTRA                                              ,"1,685.63",PhonePe  Unknown     ,Yes    ,SHOPPING     ,#Online                     ,
24-06-17,03:53 PM  ,OLA CABS                                            ,50        ,CitiBank debit 6302  ,Yes    ,TRAVEL       ,#Online                     ,
24-06-17,04:03 PM  ,OLA                                                 ,35        ,OlaCab Messages      ,No     ,TRAVEL       ,                            ,
24-06-17,04:37 PM  ,CENTRE FOR SIGHT                                    ,600       ,CitiBank credit 3486 ,Yes    ,HEALTH       ,                            ,
25-06-17,03:27 PM  ,FX MART PVT                                         ,253       ,CitiBank credit 3486 ,No     ,TRANSFER     ,#Online                     ,
25-06-17,03:29 PM  ,ELECTRICITY BILL                                    ,590       ,CASH Spends          ,No     ,BILLS        ,                            ,
29-06-17,05:00 AM  ,WATER                                               ,90        ,CASH Spends          ,No     ,FOOD & DRINKS,                            ,
30-06-17,07:44 PM  ,NET BANKING                                         ,838       ,SBI  XXXX            ,Yes    ,GROCERIES    ,                            ,Ref No IGABOLLFL5
30-06-17,07:50 PM  ,AMAZON                                              ,"1,000"   ,CitiBank debit 6302  ,Yes    ,SHOPPING     ,#Online                     ,
30-06-17,09:29 PM  ,NET BANKING                                         ,117.35    ,SBI  XXXX            ,Yes    ,BILLS        ,                            ,Ref No IGABOLXWT2
01-07-17,07:51 PM  ,ATM                                                 ,"9,000"   ,CitiBank debit 3226  ,Yes    ,             ,                            ,
02-07-17,03:03 PM  ,BATHROOM FRESHNER                                   ,110       ,CASH Spends          ,No     ,GROCERIES    ,                            ,
03-07-17,12:00 PM  ,VERMA FAIRWELL                                      ,972       ,CASH Spends          ,Yes    ,FOOD & DRINKS,                            ,
05-07-17,10:26 AM  ,DEBIT                                               ,"7,100"   ,SBI  XXXX            ,No     ,TRANSFER     ,                            ,RD0000002427435
05-07-17,01:05 PM  ,SPAR                                                ,223.78    ,CitiBank debit 6302  ,Yes    ,SHOPPING     ,                            ,
08-07-17,09:47 AM  ,PAYTM MOBILE SOLUTIO                                ,150       ,CitiBank credit 3486 ,Yes    ,BILLS        ,#Online                     ,
08-07-17,04:51 PM  ,ANKUR                                               ,"1,000"   ,PhonePe  Unknown     ,Yes    ,ENTERTAINMENT,                            ,
08-07-17,04:55 PM  ,PAYTM MOBILE SOLUTIO                                ,100       ,CitiBank credit 3486 ,Yes    ,BILLS        ,#Online                     ,
09-07-17,01:56 PM  ,ATM                                                 ,"1,500"   ,CitiBank debit 3226  ,Yes    ,             ,                            ,
09-07-17,04:38 PM  ,REMAINING RENT                                      ,"1,000"   ,CASH Spends          ,No     ,BILLS        ,                            ,
15-07-17,02:50 PM  ,LIGHT CAMERA                                        ,804       ,CitiBank credit 3486 ,Yes    ,FOOD & DRINKS,                            ,

        ,          ,                                                    ,          ,POWERED              ,BY     ,WALNUT       ,                            ,http://getwalnut.com
